{
  "clapIndex": 3,
  "timestamp": "2025-03-25 01:16:58",
  "gesture": "index",
  "sampleNumber": 7,
  "Wrist_X": 0.02,
  "Wrist_Y": 1.02,
  "Wrist_Z": 0.2,
  "Palm_X": 0.05,
  "Palm_Y": 1.08,
  "Palm_Z": 0.21,
  "ThumbMetacarpal_X": 0.01,
  "ThumbMetacarpal_Y": 1.06,
  "ThumbMetacarpal_Z": 0.2,
  "ThumbProximal_X": 0.0,
  "ThumbProximal_Y": 1.09,
  "ThumbProximal_Z": 0.21,
  "ThumbDistal_X": -0.01,
  "ThumbDistal_Y": 1.13,
  "ThumbDistal_Z": 0.22,
  "ThumbTip_X": -0.02,
  "ThumbTip_Y": 1.15,
  "ThumbTip_Z": 0.23,
  "IndexMetacarpal_X": 0.02,
  "IndexMetacarpal_Y": 1.06,
  "IndexMetacarpal_Z": 0.2,
  "IndexProximal_X": 0.04,
  "IndexProximal_Y": 1.12,
  "IndexProximal_Z": 0.22,
  "IndexIntermediate_X": 0.05,
  "IndexIntermediate_Y": 1.14,
  "IndexIntermediate_Z": 0.2,
  "IndexDistal_X": 0.04,
  "IndexDistal_Y": 1.13,
  "IndexDistal_Z": 0.18,
  "IndexTip_X": 0.03,
  "IndexTip_Y": 1.1,
  "IndexTip_Z": 0.18,
  "MiddleMetacarpal_X": 0.03,
  "MiddleMetacarpal_Y": 1.05,
  "MiddleMetacarpal_Z": 0.2,
  "MiddleProximal_X": 0.06,
  "MiddleProximal_Y": 1.11,
  "MiddleProximal_Z": 0.23,
  "MiddleIntermediate_X": 0.08,
  "MiddleIntermediate_Y": 1.14,
  "MiddleIntermediate_Z": 0.21,
  "MiddleDistal_X": 0.09,
  "MiddleDistal_Y": 1.17,
  "MiddleDistal_Z": 0.19,
  "MiddleTip_X": 0.1,
  "MiddleTip_Y": 1.19,
  "MiddleTip_Z": 0.18,
  "RingMetacarpal_X": 0.05,
  "RingMetacarpal_Y": 1.04,
  "RingMetacarpal_Z": 0.2,
  "RingProximal_X": 0.08,
  "RingProximal_Y": 1.09,
  "RingProximal_Z": 0.22,
  "RingIntermediate_X": 0.1,
  "RingIntermediate_Y": 1.13,
  "RingIntermediate_Z": 0.21,
  "RingDistal_X": 0.11,
  "RingDistal_Y": 1.15,
  "RingDistal_Z": 0.2,
  "RingTip_X": 0.12,
  "RingTip_Y": 1.17,
  "RingTip_Z": 0.19,
  "LittleMetacarpal_X": 0.06,
  "LittleMetacarpal_Y": 1.04,
  "LittleMetacarpal_Z": 0.2,
  "LittleProximal_X": 0.09,
  "LittleProximal_Y": 1.08,
  "LittleProximal_Z": 0.21,
  "LittleIntermediate_X": 0.11,
  "LittleIntermediate_Y": 1.1,
  "LittleIntermediate_Z": 0.2,
  "LittleDistal_X": 0.13,
  "LittleDistal_Y": 1.12,
  "LittleDistal_Z": 0.2,
  "LittleTip_X": 0.15,
  "LittleTip_Y": 1.13,
  "LittleTip_Z": 0.2
}