{
  "clapIndex": 4,
  "timestamp": "2025-03-25 01:17:25",
  "gesture": "middle",
  "sampleNumber": 40,
  "Wrist_X": -0.03,
  "Wrist_Y": 1.05,
  "Wrist_Z": 0.29,
  "Palm_X": -0.04,
  "Palm_Y": 1.11,
  "Palm_Z": 0.33,
  "ThumbMetacarpal_X": -0.07,
  "ThumbMetacarpal_Y": 1.08,
  "ThumbMetacarpal_Z": 0.3,
  "ThumbProximal_X": -0.09,
  "ThumbProximal_Y": 1.1,
  "ThumbProximal_Z": 0.31,
  "ThumbDistal_X": -0.11,
  "ThumbDistal_Y": 1.13,
  "ThumbDistal_Z": 0.33,
  "ThumbTip_X": -0.13,
  "ThumbTip_Y": 1.14,
  "ThumbTip_Z": 0.35,
  "IndexMetacarpal_X": -0.05,
  "IndexMetacarpal_Y": 1.08,
  "IndexMetacarpal_Z": 0.31,
  "IndexProximal_X": -0.06,
  "IndexProximal_Y": 1.13,
  "IndexProximal_Z": 0.35,
  "IndexIntermediate_X": -0.06,
  "IndexIntermediate_Y": 1.17,
  "IndexIntermediate_Z": 0.35,
  "IndexDistal_X": -0.06,
  "IndexDistal_Y": 1.2,
  "IndexDistal_Z": 0.34,
  "IndexTip_X": -0.06,
  "IndexTip_Y": 1.22,
  "IndexTip_Z": 0.34,
  "MiddleMetacarpal_X": -0.04,
  "MiddleMetacarpal_Y": 1.08,
  "MiddleMetacarpal_Z": 0.31,
  "MiddleProximal_X": -0.04,
  "MiddleProximal_Y": 1.13,
  "MiddleProximal_Z": 0.35,
  "MiddleIntermediate_X": -0.04,
  "MiddleIntermediate_Y": 1.16,
  "MiddleIntermediate_Z": 0.32,
  "MiddleDistal_X": -0.04,
  "MiddleDistal_Y": 1.14,
  "MiddleDistal_Z": 0.3,
  "MiddleTip_X": -0.04,
  "MiddleTip_Y": 1.11,
  "MiddleTip_Z": 0.29,
  "RingMetacarpal_X": -0.02,
  "RingMetacarpal_Y": 1.08,
  "RingMetacarpal_Z": 0.31,
  "RingProximal_X": -0.02,
  "RingProximal_Y": 1.13,
  "RingProximal_Z": 0.35,
  "RingIntermediate_X": -0.02,
  "RingIntermediate_Y": 1.17,
  "RingIntermediate_Z": 0.33,
  "RingDistal_X": -0.02,
  "RingDistal_Y": 1.19,
  "RingDistal_Z": 0.32,
  "RingTip_X": -0.02,
  "RingTip_Y": 1.21,
  "RingTip_Z": 0.3,
  "LittleMetacarpal_X": -0.01,
  "LittleMetacarpal_Y": 1.08,
  "LittleMetacarpal_Z": 0.31,
  "LittleProximal_X": 0.0,
  "LittleProximal_Y": 1.12,
  "LittleProximal_Z": 0.33,
  "LittleIntermediate_X": 0.01,
  "LittleIntermediate_Y": 1.15,
  "LittleIntermediate_Z": 0.35,
  "LittleDistal_X": 0.02,
  "LittleDistal_Y": 1.17,
  "LittleDistal_Z": 0.36,
  "LittleTip_X": 0.03,
  "LittleTip_Y": 1.19,
  "LittleTip_Z": 0.37
}